ADDRESS,CITY,ZIPCODE
720 MALCOLM BLVD,CONNELLY SPRINGS,28612
833 KATHY DRIVE EXT NE,CONNELLY SPRINGS,28612
813 KATHY DR NE,CONNELLY SPRINGS,28612
816 KATHY DR NE,CONNELLY SPRINGS,28612
97 CAMPUS ST,CONNELLY SPRINGS,28612
817 KATHY DR NE,CONNELLY SPRINGS,28612
815 KATHY DR NE,CONNELLY SPRINGS,28612
819 KATHY DR NE,CONNELLY SPRINGS,28612
821 KATHY DRIVE EXT NE,CONNELLY SPRINGS,28612
823 KATHY DRIVE EXT NE,CONNELLY SPRINGS,28612
2074 CASTLE VISTA CT NE,CONNELLY SPRINGS,28612
2077 CASTLE VISTA CT NE,CONNELLY SPRINGS,28612
2039 CASTLE VISTA CT NE,CONNELLY SPRINGS,28612
2015 CASTLE VISTA CT NE,CONNELLY SPRINGS,28612
1096 LAKE VISTA DR NE,CONNELLY SPRINGS,28612
1132 LAKE VISTA DR NE,CONNELLY SPRINGS,28612
1282 LAKE VISTA DR NE,CONNELLY SPRINGS,28612
1366 LAKE VISTA DR NE,CONNELLY SPRINGS,28612
1394 LAKE VISTA DR NE,CONNELLY SPRINGS,28612
1408 LAKE VISTA DR NE,CONNELLY SPRINGS,28612
1422 LAKE VISTA DR NE,CONNELLY SPRINGS,28612
2057 CHANNEL VISTA LN NE,CONNELLY SPRINGS,28612
2077 CHANNEL VISTA LN NE,CONNELLY SPRINGS,28612
2095 CHANNEL VISTA LN NE,CONNELLY SPRINGS,28612
3000 HIGH VISTA CT NE,CONNELLY SPRINGS,28612
3001 HIGH VISTA CT NE,CONNELLY SPRINGS,28612
3005 HIGH VISTA CT NE,CONNELLY SPRINGS,28612
3009 HIGH VISTA CT NE,CONNELLY SPRINGS,28612
3019 HIGH VISTA CT NE,CONNELLY SPRINGS,28612
3041 HIGH VISTA CT NE,CONNELLY SPRINGS,28612
3067 HIGH VISTA CT NE,CONNELLY SPRINGS,28612
3089 HIGH VISTA CT NE,CONNELLY SPRINGS,28612
3113 HIGH VISTA CT NE,CONNELLY SPRINGS,28612
3129 HIGH VISTA CT NE,CONNELLY SPRINGS,28612
3133 HIGH VISTA CT NE,CONNELLY SPRINGS,28612
3132 HIGH VISTA CT NE,CONNELLY SPRINGS,28612
3130 HIGH VISTA CT NE,CONNELLY SPRINGS,28612
3072 HIGH VISTA CT NE,CONNELLY SPRINGS,28612
2046 CASTLE VISTA CT NE,CONNELLY SPRINGS,28612
2014 CASTLE VISTA CT NE,CONNELLY SPRINGS,28612
1250 LAKE VISTA DR NE,CONNELLY SPRINGS,28612
1169 LAKE VISTA DR NE,CONNELLY SPRINGS,28612
1139 LAKE VISTA DR NE,CONNELLY SPRINGS,28612
1113 LAKE VISTA DR NE,CONNELLY SPRINGS,28612
1085 LAKE VISTA DR NE,CONNELLY SPRINGS,28612
1207 LAKE VISTA DR NE,CONNELLY SPRINGS,28612
1243 LAKE VISTA DR NE,CONNELLY SPRINGS,28612
1065 LAKE VISTA DR NE,CONNELLY SPRINGS,28612
1317 LAKE VISTA DR NE,CONNELLY SPRINGS,28612
1329 LAKE VISTA DR NE,CONNELLY SPRINGS,28612
1333 LAKE VISTA DR NE,CONNELLY SPRINGS,28612
1489 LAKE VISTA DR NE,CONNELLY SPRINGS,28612
1355 LAKE VISTA DR NE,CONNELLY SPRINGS,28612
1465 LAKE VISTA DR NE,CONNELLY SPRINGS,28612
1545 LAKE VISTA DR NE,CONNELLY SPRINGS,28612
3070 PANORAMIC VISTA CT NE,CONNELLY SPRINGS,28612
3112 PANORAMIC VISTA CT NE,CONNELLY SPRINGS,28612
3156 PANORAMIC VISTA CT NE,CONNELLY SPRINGS,28612
3192 PANORAMIC VISTA CT NE,CONNELLY SPRINGS,28612
3198 PANORAMIC VISTA CT NE,CONNELLY SPRINGS,28612
3202 PANORAMIC VISTA CT NE,CONNELLY SPRINGS,28612
3017 PANORAMIC VISTA CT NE,CONNELLY SPRINGS,28612
3039 PANORAMIC VISTA CT NE,CONNELLY SPRINGS,28612
3057 PANORAMIC VISTA CT NE,CONNELLY SPRINGS,28612
3079 PANORAMIC VISTA CT NE,CONNELLY SPRINGS,28612
3137 PANORAMIC VISTA CT NE,CONNELLY SPRINGS,28612
3157 PANORAMIC VISTA CT NE,CONNELLY SPRINGS,28612
3171 PANORAMIC VISTA CT NE,CONNELLY SPRINGS,28612
3187 PANORAMIC VISTA CT NE,CONNELLY SPRINGS,28612
3195 PANORAMIC VISTA CT NE,CONNELLY SPRINGS,28612
3203 PANORAMIC VISTA CT NE,CONNELLY SPRINGS,28612
4031 SEITZ RD,MORGANTON,28655
748 MALCOLM BLVD,CONNELLY SPRINGS,28612
95 CAMPUS ST,CONNELLY SPRINGS,28612
730 MALCOLM BLVD,CONNELLY SPRINGS,28612
95 LOCUST ST,CONNELLY SPRINGS,28612
722 MALCOLM BLVD,CONNELLY SPRINGS,28612
724 MALCOLM BLVD,CONNELLY SPRINGS,28612
1626 LAKE VISTA DR NE,CONNELLY SPRINGS,28612
1794 LAKE VISTA DR NE,CONNELLY SPRINGS,28612
1826 LAKE VISTA DR NE,CONNELLY SPRINGS,28612
1876 LAKE VISTA DR NE,CONNELLY SPRINGS,28612
1936 LAKE VISTA DR NE,CONNELLY SPRINGS,28612
2018 LAKE VISTA DR NE,CONNELLY SPRINGS,28612
2039 LAKE VISTA DR NE,CONNELLY SPRINGS,28612
1997 LAKE VISTA DR NE,CONNELLY SPRINGS,28612
1939 LAKE VISTA DR NE,CONNELLY SPRINGS,28612
1853 LAKE VISTA DR NE,CONNELLY SPRINGS,28612
1747 LAKE VISTA DR NE,CONNELLY SPRINGS,28612
1671 LAKE VISTA DR NE,CONNELLY SPRINGS,28612
1611 LAKE VISTA DR NE,CONNELLY SPRINGS,28612
2258 ISLAND VIEW LN NE,CONNELLY SPRINGS,28612
2240 ISLAND VIEW LN NE,CONNELLY SPRINGS,28612
2216 ISLAND VIEW LN NE,CONNELLY SPRINGS,28612
2202 ISLAND VIEW LN NE,CONNELLY SPRINGS,28612
2170 ISLAND VIEW LN NE,CONNELLY SPRINGS,28612
2108 ISLAND VIEW LN NE,CONNELLY SPRINGS,28612
2076 ISLAND VIEW LN NE,CONNELLY SPRINGS,28612
2058 ISLAND VIEW LN NE,CONNELLY SPRINGS,28612
2259 ISLAND VIEW LN NE,CONNELLY SPRINGS,28612
2253 ISLAND VIEW LN NE,CONNELLY SPRINGS,28612
2245 ISLAND VIEW LN NE,CONNELLY SPRINGS,28612
2221 ISLAND VIEW LN NE,CONNELLY SPRINGS,28612
2165 ISLAND VIEW LN NE,CONNELLY SPRINGS,28612
2147 ISLAND VIEW LN NE,CONNELLY SPRINGS,28612
2131 ISLAND VIEW LN NE,CONNELLY SPRINGS,28612
2115 ISLAND VIEW LN NE,CONNELLY SPRINGS,28612
2095 ISLAND VIEW LN NE,CONNELLY SPRINGS,28612
2073 ISLAND VIEW LN NE,CONNELLY SPRINGS,28612
2049 ISLAND VIEW LN NE,CONNELLY SPRINGS,28612
2023 ISLAND VIEW LN NE,CONNELLY SPRINGS,28612
2011 ISLAND VIEW LN NE,CONNELLY SPRINGS,28612
2238 INLET SHORE RD NE,CONNELLY SPRINGS,28612
2226 INLET SHORE RD NE,CONNELLY SPRINGS,28612
2198 INLET SHORE RD NE,CONNELLY SPRINGS,28612
2164 INLET SHORE RD NE,CONNELLY SPRINGS,28612
2080 INLET SHORE RD NE,CONNELLY SPRINGS,28612
2048 INLET SHORE RD NE,CONNELLY SPRINGS,28612
2038 INLET SHORE RD NE,CONNELLY SPRINGS,28612
2022 INLET SHORE RD NE,CONNELLY SPRINGS,28612
2010 INLET SHORE RD NE,CONNELLY SPRINGS,28612
2239 INLET SHORE RD NE,CONNELLY SPRINGS,28612
2231 INLET SHORE RD NE,CONNELLY SPRINGS,28612
2219 INLET SHORE RD NE,CONNELLY SPRINGS,28612
2195 INLET SHORE RD NE,CONNELLY SPRINGS,28612
2167 INLET SHORE RD NE,CONNELLY SPRINGS,28612
2145 INLET SHORE RD NE,CONNELLY SPRINGS,28612
2109 INLET SHORE RD NE,CONNELLY SPRINGS,28612
768 BRYANT RD,MORGANTON,28655
2080 CHANNEL VISTA LN NE,CONNELLY SPRINGS,28612
1577 HUFFMAN BRIDGE RD,MORGANTON,28655
4395 SEITZ RD,MORGANTON,28655
1275 HUFFMAN BRIDGE RD,MORGANTON,28655
1501 HUFFMAN BRIDGE RD,MORGANTON,28655
